UserId,Predicted
1,1082185 995242 1029743 840361 904360
2,1082185 1127831 1098066 840361 826249
3,1082185 1098066 6534178 826249 1127831
6,1082185 981760 995242 1029743 1127831
7,1082185 995242 1029743 1127831 826249
8,1082185 981760 995242 1029743 1098066
9,1082185 995242 1029743 1098066 826249
10,1106523 899624 1005186 999971 1124729
13,1082185 995242 1029743 1127831 6534178
14,981760 995242 1029743 1098066 6534178
15,1082185 981760 995242 1029743 826249
18,1082185 981760 995242 1127831 840361
19,1082185 981760 995242 1029743 840361
20,1082185 981760 6534178 840361 826249
21,981760 995242 1029743 840361 1098066
22,1082185 981760 6534178 1127831 1098066
23,1082185 981760 995242 1029743 6534178
24,1082185 995242 840361 1098066 826249
25,1082185 981760 995242 1029743 1098066
26,1082185 981760 995242 1029743 840361
27,1082185 904360 5978656 5978648 833025
28,6534178 1098066 916122 5978656 854852
31,1082185 981760 1029743 1127831 840361
32,1082185 981760 1127831 6534178 840361
33,981760 1029743 1098066 6534178 826249
34,981760 1029743 6534178 826249 883404
36,1082185 981760 995242 1029743 1098066
37,1127831 6534178 866211 1133018 878996
39,1082185 981760 1127831 6534178 840361
40,1082185 995242 1127831 6534178 1098066
41,1082185 981760 1029743 1127831 826249
42,1082185 981760 840361 883404 961554
43,995242 1029743 840361 6534178 826249
46,1082185 981760 995242 1029743 1098066
47,981760 995242 1127831 826249 904360
49,1082185 981760 1029743 840361 6534178
50,1082185 995242 883404 1133018 1106523
51,1082185 981760 995242 1029743 840361
52,1082185 981760 1127831 6534178 1029743
53,1082185 6534178 904360 961554 916122
55,1082185 995242 1098066 904360 883404
56,1082185 981760 995242 1127831 6534178
57,1082185 981760 995242 6534178 1127831
58,1082185 981760 995242 1127831 6534178
59,1082185 981760 1098066 840361 6534178
62,14029260 201704 9400535 215923 34873
63,1068719 834117 856772 1046545 925862
64,1082185 981760 1098066 840361 1127831
65,1082185 981760 1029743 1098066 840361
67,1082185 981760 995242 1029743 1098066
68,1082185 981760 995242 1029743 6534178
69,1082185 981760 995242 1029743 840361
71,1082185 981760 995242 1029743 840361
75,14049678 714433 480014 6395533 541711
77,1082185 981760 1029743 1127831 840361
78,1082185 981760 840361 1098066 883404
79,1082185 981760 1029743 6534178 840361
80,1082185 981760 995242 1029743 1098066
81,1082185 981760 995242 1029743 1098066
82,860776 5569230 1053690 995965 874972
85,1082185 981760 995242 6534178 840361
87,962568 979707 845208 1037863 900802
88,1082185 981760 995242 6534178 1029743
90,1082185 866211 1068719 986912 1070820
91,1082185 981760 995242 1029743 6534178
92,1082185 981760 995242 1127831 904360
94,1082185 6534178 1081177 1044078 979707
95,1082185 981760 995242 1029743 6534178
97,1082185 981760 995242 1029743 1098066
98,1082185 981760 1098066 904360 883404
99,1082185 981760 995242 1029743 1098066
100,981760 1029743 6534178 826249 883404
101,1082185 995242 1098066 840361 6534178
104,1082185 981760 995242 1029743 840361
105,1082185 981760 995242 1127831 840361
106,981760 6534178 1127831 995785 916122
109,1082185 981760 1127831 840361 961554
110,1082185 981760 840361 6534178 1098066
111,1082185 981760 6534178 1127831 826249
112,6534178 866211 1053690 5568378 1005186
113,1082185 981760 1127831 995242 6534178
114,1082185 995242 1029743 6534178 1127831
115,1082185 981760 995242 1029743 6534178
117,1082185 981760 995242 1127831 840361
118,1082185 995242 6534178 1127831 826249
119,1082185 981760 995242 1029743 5978656
121,981760 995242 1029743 6534178 840361
122,995242 995785 5978656 916122 866211
123,1082185 981760 995242 1029743 1098066
124,1082185 981760 840361 826249 883404
125,1082185 981760 995242 1029743 1127831
127,1082185 981760 995242 1029743 840361
128,1082185 981760 1029743 840361 1127831
131,1082185 981760 995242 1127831 1029743
132,1082185 6534178 1098066 1127831 826249
133,1082185 981760 995242 1029743 1127831
134,1082185 981760 995242 1127831 1029743
135,1082185 840361 826249 904360 854852
136,1082185 981760 1127831 840361 1098066
138,1082185 981760 995242 1029743 840361
139,1082185 981760 995242 1127831 6534178
140,1082185 995242 1029743 1098066 840361
141,1082185 1127831 6534178 995785 866211
142,1082185 995242 826249 961554 913785
143,1082185 981760 995242 1029743 1098066
146,1082185 981760 995242 1029743 6534178
151,1082185 981760 995242 1029743 840361
153,981760 995242 1029743 6534178 1127831
156,1082185 981760 995242 1029743 1098066
157,1082185 981760 995242 1098066 1127831
158,1082185 981760 995242 840361 1127831
159,1082185 981760 995242 6534178 840361
160,995242 6534178 1127831 826249 904360
161,981760 995242 1098066 1127831 6534178
162,1082185 981760 995242 1029743 840361
164,1082185 981760 995242 1029743 840361
166,1082185 981760 1029743 1098066 995785
167,995242 826249 995785 878996 5569230
168,1082185 981760 995242 1029743 904360
171,981760 995242 1029743 6534178 826249
172,1098066 6534178 826249 1004906 866211
174,1082185 981760 840361 1098066 826249
178,1098066 883404 5978656 1106523 859075
183,1082185 1098066 883404 961554 860776
184,1082185 981760 6534178 840361 904360
185,1082185 995242 1029743 840361 6534178
187,1082185 981760 1098066 826249 904360
190,981760 995242 1029743 840361 1127831
192,1082185 981760 995242 1029743 826249
193,1082185 981760 995242 1029743 840361
194,1082185 995242 840361 6534178 995785
195,1082185 981760 995242 1029743 840361
197,1082185 840361 923746 951590 5568378
198,1082185 981760 995242 1029743 1127831
199,1082185 995242 1098066 904360 1033142
200,1082185 840361 995785 883404 923746
201,1082185 981760 995242 1029743 995785
202,981760 1029743 6534178 904360 995785
203,1082185 981760 995242 1029743 6534178
204,1082185 6534178 840361 1127831 995785
205,1082185 981760 6534178 840361 904360
208,1082185 981760 1029743 6534178 1127831
209,1082185 981760 995242 1029743 1098066
210,1082185 981760 1098066 826249 904360
211,1082185 981760 1127831 904360 1004906
212,1082185 981760 995242 1029743 1127831
213,1082185 883404 1081177 844179 1044078
214,1082185 1127831 840361 904360 995785
215,1082185 981760 995242 6534178 840361
216,1082185 1127831 5978656 916122 854852
217,1082185 981760 995242 1127831 1029743
218,1082185 995242 1029743 1127831 1098066
219,1082185 981760 995242 1127831 6534178
220,1082185 981760 995242 1029743 1098066
221,1082185 981760 995242 840361 1098066
222,1082185 981760 995242 1029743 6534178
224,1082185 981760 995242 1029743 840361
225,995242 1029743 840361 1127831 904360
227,1082185 6534178 5978656 1068719 5978648
228,1082185 981760 1127831 1098066 6534178
230,1082185 981760 995242 1029743 1098066
232,1082185 981760 995242 1029743 1127831
233,995242 1029743 1128016 1122568 1043128
235,1082185 981760 1127831 1029743 6534178
236,981760 995242 1029743 1098066 840361
239,1082185 981760 1127831 840361 826249
240,826249 883404 1106523 1022428 926905
242,1082185 981760 995242 1029743 1098066
243,1082185 981760 1127831 6534178 840361
244,1082185 981760 995242 840361 1127831
246,1082185 1029743 840361 6534178 854852
247,1082185 981760 1127831 904360 995785
250,995242 1029743 840361 1098066 826249
251,1082185 981760 995242 1029743 1098066
253,1082185 981760 1098066 1029743 840361
256,1082185 6534178 1098066 1127831 840361
257,1082185 981760 995242 1029743 840361
258,1082185 981760 995242 1127831 1029743
259,1082185 1098066 860776 878996 913785
260,1082185 981760 904360 1081177 860776
262,1082185 981760 1127831 840361 826249
263,1082185 981760 995242 1029743 1127831
264,1082185 981760 1127831 6534178 961554
266,1082185 981760 1098066 1127831 6534178
267,6534178 1106523 5978648 844165 1134522
268,1082185 995242 1029743 840361 1098066
269,1082185 981760 1004906 844179 1068719
270,6534178 826249 904360 995785 1106523
271,981760 904360 883404 923746 5978656
273,1082185 981760 995242 1029743 1098066
274,1098066 826249 995785 883404 1106523
275,1082185 981760 1098066 6534178 840361
276,981760 995242 1029743 1127831 1098066
278,995242 1098066 826249 995785 883404
281,1082185 981760 995242 840361 6534178
282,1082185 981760 995242 6534178 1029743
283,1082185 981760 995242 1127831 1098066
285,1082185 981760 995242 1029743 6534178
286,1082185 995242 1098066 866211 1081177
287,1082185 981760 995242 1029743 6534178
288,1082185 981760 995242 1029743 840361
289,1082185 981760 995242 1127831 840361
290,1082185 981760 995242 1029743 1127831
291,1082185 981760 995242 840361 1127831
292,981760 995242 6534178 826249 923746
294,1082185 981760 995242 1029743 1098066
297,1082185 981760 995242 1029743 1098066
301,1082185 995242 1029743 840361 1127831
302,1082185 981760 1029743 6534178 1098066
303,1082185 981760 995242 1029743 6534178
304,1082185 981760 995242 1029743 6534178
305,981760 995242 1029743 1127831 1098066
306,1082185 981760 995242 1029743 1098066
307,981760 840361 6534178 916122 923746
308,6534178 995785 883404 961554 916122
311,1082185 1029743 6534178 1098066 1127831
312,1082185 981760 840361 1098066 995785
314,1082185 981760 1029743 1127831 904360
316,1082185 981760 995242 6534178 826249
317,1082185 981760 995242 1029743 1127831
318,981760 840361 6534178 826249 923746
321,1082185 981760 1127831 840361 5978656
322,1082185 981760 995242 6534178 840361
323,6534178 1126899 931671 907631 1074524
324,1082185 1127831 6534178 840361 995785
325,1082185 981760 995242 1029743 840361
326,995242 908531 1043590 8090537 8090521
327,1082185 981760 1098066 883404 961554
328,1082185 1127831 6534178 1098066 840361
329,1082185 981760 995242 1127831 1029743
330,1082185 995242 1029743 840361 6534178
331,1082185 981760 995242 1029743 1004906
332,1082185 981760 995242 1127831 1029743
334,1082185 981760 995242 1029743 6534178
338,1082185 981760 995242 1029743 1098066
339,1082185 995242 1029743 1127831 904360
342,1082185 1029743 1098066 826249 1127831
343,1082185 981760 995242 1127831 883404
345,1082185 981760 995242 1029743 1127831
346,1082185 981760 995242 1029743 1127831
347,1082185 1029743 840361 883404 961554
348,1082185 981760 995242 1029743 1127831
349,1082185 981760 1029743 995785 844179
351,1082185 981760 840361 6534178 1098066
353,1082185 981760 1127831 1098066 840361
354,1082185 981760 1127831 1098066 840361
356,995242 1029743 840361 1098066 6534178
357,1082185 995242 1127831 840361 1098066
358,1082185 981760 1098066 826249 904360
360,1082185 981760 995242 1081177 5568378
361,1082185 981760 995242 1098066 1127831
362,1082185 981760 1127831 840361 5978656
364,1082185 981760 1029743 1098066 840361
365,1082185 981760 1029743 6534178 1127831
366,1082185 840361 904360 883404 916122
367,1082185 995242 1127831 840361 995785
369,1082185 981760 1029743 1098066 840361
371,1082185 981760 1127831 995242 1029743
373,1133018 1106523 986912 1102959 1050851
374,1082185 981760 1029743 1098066 6534178
376,1082185 981760 1098066 840361 826249
377,1082185 981760 995242 1127831 1029743
378,1082185 981760 6534178 840361 904360
380,1082185 981760 995242 1098066 840361
381,1082185 995242 1029743 840361 1098066
382,1082185 995242 1029743 6534178 1127831
383,1082185 981760 1127831 6534178 840361
384,1082185 981760 1029743 1127831 840361
385,1082185 981760 1029743 6534178 1127831
386,1082185 981760 995242 1029743 1098066
387,1082185 981760 1127831 1098066 840361
388,1082185 981760 995242 1029743 1098066
389,1082185 981760 995242 1127831 6534178
390,1082185 981760 995242 1029743 1098066
392,1082185 981760 1127831 1029743 1098066
393,1082185 981760 995242 1029743 840361
394,1082185 1029743 995785 961554 1004906
395,1082185 981760 995242 1029743 1098066
396,1082185 981760 1127831 6534178 904360
397,1082185 995242 1029743 6534178 840361
398,1082185 981760 995242 1029743 1098066
400,1082185 981760 1127831 995242 1098066
401,1082185 981760 995242 1098066 840361
402,1029743 840361 6534178 916122 1004906
404,1082185 981760 995242 6534178 840361
405,1082185 981760 995242 1029743 1098066
406,1082185 981760 995242 1029743 6534178
407,1029743 1098066 1127831 826249 1004906
409,1082185 981760 6534178 1127831 840361
410,1082185 981760 995242 1029743 1098066
412,1082185 981760 995242 1029743 1098066
413,1082185 981760 1127831 840361 6534178
414,1082185 981760 995242 1029743 840361
415,5978648 9526410 911812 1077490 1007191
417,1082185 981760 995242 1127831 1029743
418,1082185 981760 995242 1029743 6534178
421,1082185 981760 995242 1029743 1127831
425,1082185 995242 1029743 1127831 1098066
426,1082185 981760 1029743 1098066 6534178
427,1082185 981760 995242 1029743 860776
429,1082185 995242 1029743 1098066 904360
430,1082185 995242 1029743 840361 6534178
432,981760 995242 1029743 1127831 6534178
433,1082185 981760 1127831 995785 866211
434,1082185 981760 995242 1029743 1098066
435,1004906 5569230 1053690 844165 8090537
437,1082185 981760 995242 1029743 6534178
438,1082185 995242 1029743 1127831 840361
441,1082185 961554 5978656 860776 913785
442,1082185 981760 995242 1127831 840361
443,1082185 981760 1127831 5978656 923746
447,1082185 981760 995242 1029743 1098066
449,995242 1029743 6534178 883404 854852
450,1082185 981760 995242 1029743 840361
451,1082185 981760 995242 1029743 6534178
454,1082185 981760 995242 1098066 1029743
457,1082185 981760 995242 1029743 840361
458,1082185 981760 995242 840361 1098066
459,1098066 826249 995785 5978656 854852
461,1082185 981760 995242 1029743 1127831
462,1082185 981760 995242 1029743 1098066
463,1082185 1029743 6534178 1098066 904360
464,1082185 981760 995242 1029743 1127831
467,1082185 981760 1029743 1127831 826249
468,1082185 981760 995242 1029743 6534178
469,1082185 981760 995242 1127831 1029743
470,995242 6534178 904360 995785 883404
471,1082185 995242 1127831 826249 883404
474,981760 995242 1029743 840361 826249
477,1082185 995242 1029743 840361 1098066
479,1082185 995242 1098066 840361 826249
480,1082185 1127831 6534178 840361 995785
482,1082185 1029743 1098066 840361 6534178
483,1082185 1127831 840361 1098066 826249
484,1082185 981760 995242 1029743 6534178
485,1082185 995242 1029743 1127831 840361
489,1082185 981760 1127831 6534178 840361
491,1082185 6534178 1029743 840361 1098066
493,1082185 981760 995242 1029743 6534178
495,1082185 981760 995242 1029743 840361
497,1082185 995242 1029743 854852 844165
502,1082185 981760 995242 1029743 1098066
503,1082185 1127831 6534178 1098066 904360
506,1082185 995242 6534178 1098066 995785
507,1082185 981760 6534178 840361 916122
508,1029743 840361 1098066 826249 904360
510,1082185 981760 995242 1127831 1029743
511,1082185 981760 995242 1029743 1098066
513,981760 995242 6534178 904360 961554
514,1082185 1127831 995785 961554 916122
515,1082185 981760 995242 1029743 1127831
517,1082185 981760 995242 1127831 6534178
518,1082185 981760 995242 1029743 840361
520,1082185 981760 995242 1029743 840361
521,1082185 1029743 840361 1127831 904360
523,1082185 981760 995242 6534178 1029743
524,1082185 981760 995242 1029743 840361
525,1082185 981760 840361 1127831 904360
526,1082185 981760 995242 1029743 6534178
527,1098066 904360 961554 916122 5978656
531,1082185 981760 995242 1029743 840361
533,1082185 981760 995242 1029743 1098066
534,1082185 995242 6534178 883404 994928
537,981760 840361 916122 923746 859075
538,1082185 981760 6534178 1127831 840361
539,1082185 981760 1098066 6534178 826249
540,1082185 995242 6534178 1127831 995785
542,1082185 981760 995242 1029743 1098066
543,995242 904360 5978656 844179 5978648
544,1082185 6534178 1098066 1127831 904360
545,1082185 981760 995242 1127831 6534178
547,1082185 981760 1029743 1098066 6534178
548,1082185 981760 995242 1029743 840361
550,1082185 981760 995242 1029743 1127831
552,1082185 981760 995242 1029743 826249
553,1082185 981760 995242 1127831 1029743
554,1082185 1098066 826249 883404 961554
558,1082185 981760 840361 1098066 995785
560,1082185 981760 995242 1127831 1029743
562,1082185 981760 995242 1029743 1098066
563,1082185 981760 995242 1029743 6534178
564,1082185 981760 995242 1029743 840361
566,1082185 995242 1029743 1098066 6534178
567,1082185 981760 1098066 6534178 1127831
568,1082185 981760 995242 1098066 1029743
569,1082185 1127831 995242 6534178 1029743
570,1082185 981760 995242 1029743 1098066
574,1082185 995242 1029743 6534178 1098066
575,1082185 981760 1127831 6534178 1029743
576,1082185 981760 995242 1127831 1029743
577,1082185 981760 995242 1127831 1029743
578,1082185 995242 1127831 1098066 961554
579,995242 1098066 6534178 961554 916122
580,981760 995242 6534178 5978656 1033142
582,1082185 995242 6534178 1029743 1127831
583,981760 995242 1029743 1098066 826249
586,1082185 981760 995242 1029743 1098066
587,1082185 6534178 1068719 1133018 1106523
588,1082185 981760 995242 1098066 6534178
590,1082185 981760 1029743 840361 1098066
593,1082185 1098066 6534178 904360 883404
594,1082185 981760 995242 1029743 840361
595,1082185 981760 995242 1029743 1098066
596,1082185 995242 6534178 1098066 1127831
598,1082185 981760 1029743 840361 1098066
600,981760 995242 1029743 1127831 1098066
602,1082185 1029743 840361 1098066 6534178
603,1082185 981760 995242 1098066 1029743
604,1082185 981760 995242 1029743 1127831
605,1082185 1029743 6534178 840361 1127831
606,1082185 981760 995242 1029743 1127831
608,1082185 981760 995242 1098066 840361
610,1029743 1098066 1127831 904360 883404
611,1082185 1029743 1098066 844179 878996
612,1082185 981760 995242 1029743 1098066
613,840361 995785 1004906 1133018 860776
614,1082185 995242 1029743 840361 1098066
615,995242 6534178 961554 5978648 866227
617,1082185 981760 1127831 904360 995785
621,981760 1098066 826249 995785 5978656
622,1082185 981760 1029743 6534178 1098066
624,1082185 981760 1098066 840361 6534178
630,1082185 981760 840361 1127831 6534178
631,1082185 981760 995242 1127831 1029743
632,1082185 981760 995242 1029743 840361
633,1082185 981760 995242 1029743 1098066
636,1082185 981760 995242 1029743 6534178
637,1082185 981760 1098066 6534178 1127831
638,1082185 981760 995242 1029743 1098066
640,1082185 840361 1098066 6534178 826249
641,1082185 981760 1127831 1029743 1098066
643,1082185 981760 995242 1029743 840361
644,1082185 995242 6534178 1098066 826249
647,1082185 981760 995242 1029743 6534178
648,1082185 995785 1004906 923746 1081177
650,13956362 5982289 5978585 1559515 8353487
652,1082185 981760 995242 840361 904360
653,1082185 981760 995242 1029743 6534178
654,1082185 995242 1098066 840361 1127831
655,1082185 981760 995242 1029743 840361
658,1082185 981760 995242 1029743 840361
660,1082185 981760 995242 1127831 1029743
661,1082185 981760 995242 1098066 840361
662,995242 1029743 1098066 840361 826249
663,1082185 995242 1127831 1029743 6534178
665,1082185 981760 995242 1029743 1098066
666,1082185 995242 1098066 826249 883404
667,1082185 981760 995242 6534178 826249
669,1082185 981760 1127831 6534178 840361
670,1082185 981760 995242 1127831 1029743
671,1082185 981760 995242 1029743 840361
672,1082185 981760 995242 1029743 6534178
673,1082185 981760 1029743 1098066 826249
674,1082185 981760 995242 1029743 1098066
675,1082185 981760 840361 1098066 6534178
676,1082185 981760 1098066 1127831 840361
680,1082185 981760 995242 1029743 1098066
681,1082185 995242 1029743 826249 916122
684,1082185 981760 995242 840361 1098066
685,1082185 981760 6534178 1098066 840361
687,1082185 981760 995242 1029743 840361
690,1082185 981760 995242 1029743 1098066
691,1082185 981760 995242 1098066 840361
692,1082185 981760 995242 6534178 1098066
693,1082185 981760 995242 1029743 1127831
694,981760 995242 1029743 1098066 826249
695,1082185 981760 995242 6534178 1029743
696,1082185 995242 1127831 6534178 1029743
697,1082185 981760 995242 6534178 1127831
698,1082185 981760 1029743 1098066 6534178
699,1082185 981760 995242 1029743 6534178
700,1082185 995242 1029743 6534178 904360
701,1082185 981760 995242 1098066 826249
702,1082185 981760 995242 1127831 1029743
703,1082185 981760 995242 1127831 1098066
705,1082185 981760 995242 1029743 840361
706,1082185 981760 995242 1029743 1127831
707,1082185 981760 995242 6534178 1127831
708,1082185 981760 995242 1029743 826249
709,1082185 981760 995242 1127831 1029743
710,1082185 981760 1098066 840361 6534178
712,1082185 981760 995242 6534178 1029743
713,1082185 1029743 6534178 1127831 854852
714,1082185 981760 995242 1029743 1098066
715,1082185 981760 995242 1029743 840361
716,1082185 840361 6534178 1098066 1127831
718,1082185 981760 995242 1127831 6534178
719,1082185 826249 1127831 883404 1133018
720,981760 840361 1081177 854852 1007195
722,1082185 981760 995242 1127831 1098066
723,1082185 981760 840361 961554 916122
725,1082185 981760 840361 1098066 826249
726,1082185 981760 995242 1029743 1127831
727,1082185 981760 1029743 1098066 840361
728,1082185 981760 995242 1127831 6534178
730,1082185 1081177 849843 908531 1053690
731,1082185 981760 995242 6534178 1029743
733,1082185 981760 995242 1029743 840361
734,1082185 981760 995242 1029743 840361
735,1082185 981760 826249 904360 883404
736,1082185 981760 1029743 840361 904360
740,1082185 981760 1127831 995242 1029743
741,1082185 995242 1127831 6534178 840361
742,1082185 981760 1098066 840361 6534178
743,995242 1029743 1098066 6534178 826249
744,1082185 981760 995242 1029743 1127831
745,1082185 981760 1127831 840361 995785
748,1082185 981760 840361 1098066 6534178
750,1082185 840361 826249 883404 866211
752,1082185 981760 995242 6534178 1098066
753,1082185 981760 995242 1029743 1098066
754,1082185 1127831 904360 995785 961554
755,1082185 981760 995242 1127831 1098066
757,1082185 981760 6534178 1098066 1127831
759,1082185 854852 860776 962568 1005186
761,1082185 981760 995242 1029743 1127831
762,1082185 981760 6534178 995242 1127831
764,1082185 981760 995242 6534178 1029743
766,1082185 981760 1127831 995242 1029743
767,1082185 995242 840361 1098066 1004906
768,1082185 981760 995242 1029743 6534178
769,1082185 981760 1029743 1098066 6534178
770,1082185 981760 995242 1029743 840361
771,1082185 981760 995242 6534178 840361
773,1082185 1127831 904360 995785 961554
776,1082185 981760 995242 1029743 840361
777,1082185 1029743 840361 995785 961554
779,1082185 981760 995242 1127831 904360
781,1082185 995242 1127831 923746 5978656
784,1082185 981760 995242 1029743 1098066
786,1082185 981760 1127831 1098066 826249
787,1082185 961554 916122 866211 1081177
788,1082185 981760 1029743 6534178 1098066
789,1082185 981760 995242 883404 5978656
790,1082185 1029743 6534178 826249 961554
794,1082185 981760 995242 1029743 840361
795,1082185 981760 1029743 840361 1098066
798,1082185 981760 1098066 6534178 1127831
799,1082185 981760 840361 1127831 6534178
800,1082185 981760 995242 1029743 1127831
801,1082185 981760 995242 1029743 1098066
802,1082185 981760 1127831 995785 1004906
803,1082185 981760 995242 840361 1098066
804,1082185 981760 995242 1029743 1098066
805,1082185 981760 995242 1029743 840361
806,1082185 981760 1029743 1127831 6534178
807,1082185 981760 995242 1029743 840361
808,1082185 995242 1029743 1098066 6534178
810,1082185 995785 1133018 860776 1024306
813,1082185 1098066 1127831 826249 995785
814,1098066 6534178 826249 995785 883404
816,1082185 981760 995242 1029743 6534178
817,1082185 981760 995242 1127831 1098066
820,1082185 981760 995242 1029743 1127831
822,981760 995242 1029743 826249 961554
823,1082185 981760 6534178 826249 904360
824,1082185 981760 840361 1098066 904360
825,1082185 981760 1127831 6534178 1098066
826,1082185 995242 6534178 951590 952981
829,1082185 981760 995242 1029743 866211
830,1082185 981760 995242 1029743 1098066
831,1082185 981760 995242 1127831 840361
836,1082185 840361 995785 923746 1081177
837,1082185 1127831 995785 5978656 844179
840,1082185 981760 995242 1127831 1029743
841,1082185 981760 1029743 840361 1098066
842,1082185 981760 995242 1029743 840361
844,1082185 981760 995242 1127831 6534178
845,1082185 995242 1127831 1098066 826249
846,1082185 981760 995242 1029743 840361
847,1082185 995242 840361 6534178 1127831
848,1098066 840361 883404 916122 1068719
850,1082185 981760 995242 6534178 840361
852,1082185 981760 1127831 840361 995785
853,1082185 1127831 6534178 1029743 840361
854,1029743 883404 844179 860776 834484
855,1082185 981760 995242 1127831 1029743
856,1082185 981760 995242 1029743 1127831
857,1082185 981760 995242 1029743 1098066
858,1082185 1098066 1127831 904360 866211
859,1082185 981760 995242 1029743 6534178
861,1082185 1127831 840361 904360 995785
862,1082185 981760 1029743 840361 1098066
863,1082185 981760 995242 1029743 840361
864,1082185 981760 995242 1029743 1098066
865,840361 6534178 1004906 5978656 844179
866,1082185 981760 6534178 1098066 1127831
867,1082185 1127831 1029743 6534178 1098066
868,1082185 981760 995242 1029743 6534178
869,981760 1029743 1098066 1127831 826249
871,1082185 981760 995242 1127831 1029743
875,1082185 981760 995242 1127831 1098066
876,1082185 995242 1029743 6534178 840361
877,1082185 981760 1127831 6534178 904360
878,1082185 981760 1098066 1127831 840361
879,1082185 981760 1127831 840361 1098066
880,1082185 981760 1127831 995785 961554
881,1082185 981760 995242 1029743 826249
882,1082185 981760 995242 1029743 6534178
883,1082185 981760 995242 1127831 6534178
884,1082185 995242 1029743 883404 923746
885,1082185 1098066 6534178 826249 995785
886,1082185 981760 995242 1029743 6534178
887,981760 904360 995785 883404 961554
888,1082185 981760 995242 1029743 1127831
889,1082185 1029743 6534178 1127831 961554
891,1082185 981760 1098066 1127831 840361
893,981760 1029743 6534178 883404 916122
894,1082185 1029743 1127831 995785 1004906
895,1082185 995242 6534178 840361 961554
897,1082185 1029743 883404 849843 1096036
898,1082185 981760 995242 1127831 1029743
900,1082185 981760 995242 6534178 1127831
903,1082185 981760 995242 1029743 840361
904,1082185 1098066 6534178 1127831 995785
906,1082185 981760 995242 6534178 826249
907,1082185 981760 995242 840361 1127831
908,1082185 981760 1127831 995242 1029743
909,1082185 981760 995242 6534178 1098066
911,1082185 981760 6534178 1127831 840361
913,1082185 981760 995242 1029743 6534178
914,981760 1029743 844179 1044078 860776
915,1082185 981760 840361 883404 961554
916,1082185 981760 1029743 6534178 840361
919,1082185 995242 1029743 6534178 826249
920,1082185 981760 6534178 1098066 840361
922,1082185 981760 995242 1127831 6534178
924,995242 1029743 1098066 826249 883404
926,981760 995242 1127831 6534178 840361
927,1082185 981760 995242 1127831 1098066
928,1082185 981760 995242 1029743 1127831
929,1082185 981760 995242 1029743 1098066
931,1082185 981760 995242 1029743 1098066
934,1082185 981760 995242 6534178 1029743
936,1082185 981760 995242 1029743 1127831
937,981760 840361 1098066 1127831 826249
939,1082185 981760 995242 1029743 6534178
940,1098066 826249 904360 859075 908531
941,995242 1098066 840361 6534178 883404
943,1082185 981760 1098066 840361 6534178
944,1082185 981760 995242 1029743 1098066
946,1082185 981760 995242 1098066 1127831
947,1082185 981760 995242 6534178 1098066
949,1082185 995242 1029743 1127831 6534178
951,981760 1029743 6534178 844179 860776
952,1082185 995242 1029743 1098066 840361
953,1082185 981760 995242 1029743 6534178
954,16827989 12128490 5982289 5978585 8353487
955,1082185 981760 995242 1029743 1098066
956,1082185 981760 1029743 1098066 826249
957,1082185 981760 995242 1029743 1098066
959,1082185 1127831 6534178 1004906 5978656
960,1082185 981760 6534178 840361 1098066
961,1082185 981760 995242 1029743 840361
964,1082185 981760 1029743 840361 1098066
965,1082185 840361 904360 883404 916122
968,1082185 981760 995242 1127831 1029743
969,1082185 1029743 883404 5569230 1023720
971,1082185 981760 995242 1029743 1098066
972,6534178 961554 916122 923746 5978648
973,1082185 6534178 1127831 904360 995785
975,1082185 995785 916122 866211 1081177
976,1082185 981760 1029743 1127831 6534178
978,1082185 981760 1127831 840361 1098066
979,1082185 995242 1127831 6534178 1029743
981,1082185 995242 1029743 1127831 883404
982,1082185 981760 995242 1127831 6534178
983,1082185 981760 995242 1029743 1098066
984,1082185 981760 995242 1029743 1127831
985,1082185 981760 995242 1029743 1098066
986,1082185 981760 995242 1029743 1098066
988,1082185 981760 6534178 826249 904360
989,1082185 981760 995242 1029743 6534178
992,1082185 854852 834484 1005186 896369
993,1082185 981760 995242 1127831 840361
996,1082185 981760 995242 1029743 840361
998,1082185 981760 995242 1029743 6534178
999,1082185 995242 1029743 840361 1127831
1000,1082185 995242 6534178 961554 5978656
1001,1082185 981760 995242 1029743 1127831
1003,1082185 995242 1029743 1098066 1127831
1004,1082185 981760 995242 1029743 1098066
1005,981760 995242 840361 1127831 883404
1007,981760 995242 1029743 1098066 1127831
1010,1082185 995242 840361 6534178 1127831
1011,1029743 6534178 840361 826249 995785
1012,1082185 981760 6534178 1127831 826249
1015,1082185 995242 840361 6534178 1127831
1018,1082185 981760 995242 1029743 840361
1019,1082185 981760 1029743 840361 1127831
1020,1082185 981760 1127831 995242 6534178
1021,1082185 981760 1029743 840361 1127831
1023,981760 1127831 995242 6534178 883404
1024,1082185 981760 995242 1098066 6534178
1025,1082185 995242 1029743 1098066 840361
1027,1082185 981760 995242 840361 1098066
1029,1082185 981760 1127831 6534178 840361
1030,1082185 981760 995242 840361 904360
1034,1082185 981760 995242 840361 6534178
1039,1082185 981760 1029743 840361 1127831
1040,1082185 1127831 1098066 826249 961554
1041,1082185 981760 995242 1029743 1098066
1042,1082185 981760 995242 6534178 1127831
1043,15712425 1870702 12391178 2062194 2073505
1045,1082185 981760 995242 1127831 1029743
1046,1082185 1127831 6534178 840361 904360
1050,1082185 981760 995242 840361 1098066
1051,1082185 1029743 6534178 883404 1004906
1053,1127831 6534178 904360 995785 866211
1057,1082185 5978656 866211 1081177 1044078
1058,1082185 981760 1029743 6534178 1127831
1061,1082185 981760 1029743 1098066 840361
1062,1082185 981760 995242 1029743 840361
1064,1082185 981760 1127831 840361 1098066
1066,1082185 981760 995242 1029743 1098066
1067,1082185 981760 995242 1029743 840361
1068,1029743 826249 883404 995785 961554
1069,1082185 981760 995242 1029743 840361
1070,1082185 981760 995242 1029743 6534178
1071,1082185 995242 1029743 840361 1127831
1073,1082185 981760 995242 1127831 6534178
1074,1082185 981760 995242 1029743 6534178
1075,1082185 981760 995242 1029743 6534178
1076,1082185 981760 840361 1098066 904360
1077,981760 995242 1029743 840361 6534178
1078,1082185 981760 995242 1029743 6534178
1080,981760 995242 1029743 1098066 826249
1081,1082185 981760 1127831 995242 6534178
1082,981760 1098066 6534178 826249 904360
1083,1082185 981760 995242 1029743 6534178
1084,1082185 981760 995242 840361 904360
1085,1082185 981760 995242 1029743 1127831
1086,1082185 981760 995242 1127831 995785
1088,995242 6534178 844179 1068719 1044078
1089,1082185 1029743 1098066 6534178 840361
1090,995242 1127831 904360 916122 1081177
1092,1082185 981760 6534178 826249 883404
1093,1082185 981760 995242 1029743 840361
1094,1082185 981760 995242 1029743 1127831
1097,981760 995242 1127831 6534178 1098066
1098,1082185 981760 995242 1029743 6534178
1102,1082185 981760 995242 1029743 1127831
1103,1082185 6534178 1029743 840361 826249
1104,1082185 995242 6534178 1127831 904360
1105,5569230 845078 957736 970747 1046827
1106,1082185 995242 904360 883404 916122
1108,1082185 995242 1029743 961554 1133018
1109,1082185 981760 995242 1029743 1127831
1110,1082185 981760 995242 1029743 840361
1111,1082185 981760 995242 1029743 1127831
1112,1082185 995242 1029743 6534178 1127831
1113,1082185 981760 995242 1029743 840361
1114,981760 1029743 1098066 826249 883404
1117,1082185 981760 995242 1029743 6534178
1119,1082185 981760 995242 1029743 1098066
1120,1082185 981760 995242 1029743 1098066
1121,1082185 981760 995242 1029743 840361
1123,1082185 981760 1098066 1127831 904360
1124,1082185 981760 995242 1029743 840361
1128,1082185 981760 995242 1029743 1098066
1129,1082185 995242 1029743 840361 6534178
1130,1082185 981760 995242 1029743 1098066
1131,1082185 981760 995242 1029743 1098066
1132,1082185 981760 1098066 826249 904360
1133,1082185 981760 995242 1029743 840361
1134,1082185 1029743 1127831 1098066 995785
1135,981760 995242 1029743 1098066 840361
1136,1082185 981760 995242 1029743 1098066
1137,1082185 981760 995242 1029743 840361
1138,1082185 1098066 826249 883404 923746
1139,1082185 981760 995242 1127831 904360
1141,1082185 981760 995242 1029743 1098066
1142,1082185 981760 995242 6534178 1098066
1145,1082185 981760 995242 1029743 1098066
1146,1082185 981760 995242 1029743 6534178
1147,995242 1029743 1098066 840361 826249
1151,981760 1098066 840361 826249 904360
1152,995242 1029743 6534178 923746 5978656
1154,1082185 981760 995242 1029743 840361
1155,1082185 1029743 840361 826249 904360
1158,1082185 981760 1098066 6534178 826249
1159,1082185 981760 6534178 1127831 1029743
1160,1082185 981760 995242 1029743 1098066
1161,1082185 981760 995242 6534178 840361
1163,1082185 981760 995242 1029743 6534178
1164,1082185 981760 1029743 995785 961554
1166,1082185 995242 1127831 6534178 1029743
1167,1082185 981760 6534178 1098066 1127831
1168,1082185 981760 995242 1029743 1127831
1169,1082185 1098066 6534178 1127831 826249
1171,981760 995242 1029743 6534178 995785
1172,1082185 981760 995242 1029743 6534178
1175,1082185 1127831 6534178 1098066 826249
1176,1139216 10212301 133533 28966 71805
1178,1082185 981760 995242 1029743 1098066
1179,1082185 981760 995242 1127831 1029743
1180,1082185 981760 995242 1029743 1098066
1182,1082185 1029743 6534178 840361 826249
1183,1098066 904360 883404 1004906 916122
1185,1082185 840361 6534178 883404 923746
1186,1082185 6534178 1127831 1098066 995785
1187,1082185 981760 1098066 840361 1127831
1188,1082185 981760 995242 1029743 840361
1189,1082185 981760 995242 904360 860776
1190,1082185 981760 995242 1029743 1127831
1191,1082185 981760 995242 1127831 826249
1192,995242 1098066 5978656 1081177 844179
1193,1082185 981760 995242 840361 1098066
1194,1082185 981760 995242 840361 826249
1195,1082185 981760 995242 1029743 923746
1196,1082185 1127831 826249 904360 995785
1197,1082185 981760 1029743 6534178 1098066
1198,1082185 981760 1127831 995785 883404
1202,1082185 981760 6534178 883404 916122
1203,1082185 981760 1127831 840361 1098066
1204,1082185 981760 995242 1029743 840361
1205,1082185 981760 995242 1029743 840361
1206,1082185 981760 995242 1029743 1098066
1207,1082185 981760 995242 883404 866211
1209,1029743 986912 957951 921744 1135476
1210,1082185 883404 1004906 923746 854852
1211,1082185 981760 1127831 1098066 6534178
1216,1082185 981760 995242 1098066 840361
1217,1082185 981760 995242 1029743 6534178
1218,1082185 981760 1029743 1098066 1127831
1219,995242 1098066 840361 826249 1004906
1221,1082185 981760 995242 1029743 1098066
1222,1082185 981760 995242 1098066 1127831
1223,981760 1029743 1098066 826249 904360
1224,1082185 981760 995242 1029743 1098066
1225,1082185 981760 1029743 840361 1098066
1226,1082185 995242 1127831 1098066 840361
1227,840361 1133018 1053690 5568378 17171003
1228,1082185 981760 995242 1029743 1098066
1229,1082185 981760 1127831 995242 6534178
1230,1082185 1029743 854852 1044078 860776
1231,1082185 981760 995242 1029743 1098066
1234,1082185 981760 995242 1127831 904360
1238,1082185 981760 995242 1029743 1127831
1240,1082185 981760 1127831 6534178 840361
1241,1082185 981760 995242 1029743 840361
1245,1082185 981760 995242 1029743 6534178
1246,1082185 981760 1029743 6534178 1127831
1247,1082185 981760 995242 1127831 1029743
1248,1082185 981760 6534178 840361 826249
1249,995785 1004906 916122 1133018 1106523
1252,1082185 981760 840361 1127831 1004906
1256,1082185 6534178 1127831 5978656 1004906
1257,1082185 981760 840361 1127831 6534178
1258,1082185 981760 995242 1127831 840361
1259,1082185 981760 995242 1127831 1098066
1260,1082185 981760 1127831 1098066 840361
1261,1082185 6534178 1098066 1127831 840361
1262,1082185 981760 995242 1029743 1098066
1263,1082185 981760 995242 1029743 6534178
1265,1082185 981760 995242 1029743 1098066
1266,1082185 1098066 904360 995785 916122
1267,1082185 6534178 961554 916122 866211
1269,1082185 981760 995242 1029743 1127831
1270,1082185 1127831 904360 995785 961554
1271,1082185 981760 995242 1029743 1098066
1272,1082185 981760 995242 1127831 1098066
1274,1082185 981760 995242 1127831 1029743
1277,1082185 981760 995242 6534178 1127831
1278,1082185 981760 1029743 1098066 1127831
1279,1082185 981760 995242 1029743 1127831
1280,890610 985893 950824 951746 10254584
1281,1098066 6534178 995785 1004906 1044078
1282,1082185 981760 1029743 1098066 840361
1283,981760 995242 995785 1004906 5978656
1284,981760 840361 995785 883404 1004906
1285,1082185 981760 995242 1029743 6534178
1287,1082185 981760 1127831 1098066 840361
1288,1082185 981760 1029743 6534178 840361
1289,1082185 981760 995242 1029743 1098066
1290,1082185 981760 826249 904360 995785
1291,1082185 981760 1098066 840361 826249
1293,1082185 981760 995242 1029743 1098066
1294,1082185 981760 995242 1029743 1127831
1296,1082185 981760 995242 1029743 1098066
1297,1082185 981760 995242 1029743 1127831
1298,1082185 995242 1029743 840361 1098066
1299,1082185 981760 995242 1029743 1098066
1300,1082185 995242 1029743 840361 6534178
1303,1082185 981760 1029743 6534178 1098066
1304,981760 1029743 840361 1127831 826249
1305,1082185 981760 995242 1029743 1098066
1306,1082185 981760 995242 1029743 1098066
1307,1082185 981760 995242 1127831 6534178
1310,1082185 995242 840361 6534178 904360
1312,1082185 981760 995242 1127831 1029743
1313,1082185 981760 995242 1029743 1098066
1314,1082185 981760 995242 6534178 1127831
1316,1082185 981760 995242 1029743 1127831
1317,1082185 981760 995242 1098066 1029743
1318,1082185 981760 995242 6534178 904360
1319,1082185 995242 1029743 840361 1127831
1321,1082185 981760 995242 840361 1098066
1325,1082185 1127831 1098066 826249 995785
1326,1082185 981760 995242 1029743 1098066
1328,1082185 981760 995242 1029743 1098066
1330,1082185 1098066 6534178 826249 904360
1332,1082185 981760 995242 840361 6534178
1333,1082185 981760 1127831 1029743 1098066
1334,995242 904360 995785 883404 1081177
1335,1082185 995242 840361 6534178 904360
1336,1082185 981760 995242 1029743 840361
1337,1082185 981760 995242 6534178 1029743
1338,1082185 995242 6534178 1098066 883404
1340,1082185 995242 840361 916122 1081177
1343,1029743 1096036 1005186 866227 1071939
1344,1082185 981760 995242 1029743 840361
1346,1082185 6534178 1127831 916122 866211
1347,1082185 981760 995242 1029743 6534178
1350,1082185 981760 1029743 1098066 6534178
1352,1082185 981760 995242 1127831 6534178
1353,1082185 981760 995242 1029743 6534178
1354,1082185 981760 995242 1127831 1098066
1355,981760 5978656 914190 871756 1022254
1356,1082185 981760 840361 904360 995785
1358,1082185 995242 1029743 840361 1098066
1359,1082185 981760 995242 1029743 840361
1360,1082185 1133018 1065593 930118 898958
1361,1082185 1029743 1098066 1127831 826249
1362,1082185 1127831 878996 1024306 1105488
1363,1082185 981760 995242 1029743 6534178
1364,1082185 981760 995242 1127831 1029743
1366,1082185 981760 995242 6534178 1098066
1367,1082185 981760 995242 1127831 6534178
1368,1082185 981760 1029743 1098066 6534178
1369,1082185 981760 995242 1127831 961554
1370,1082185 981760 1098066 1127831 840361
1373,6534178 904360 1081177 878996 5569230
1374,1082185 981760 1029743 1127831 1098066
1375,1082185 981760 995242 1127831 1029743
1376,1082185 981760 995242 1029743 1098066
1378,1082185 981760 995242 6534178 1127831
1379,1082185 981760 995242 1127831 1029743
1380,1082185 995242 1029743 995785 1004906
1381,1082185 5978656 1133018 1106523 1124729
1383,1082185 826249 995785 916122 866211
1384,1082185 981760 995242 1029743 840361
1385,1082185 981760 995242 1029743 1098066
1387,995242 1098066 1004906 916122 866211
1388,1082185 981760 995242 6534178 1029743
1389,1082185 981760 1127831 826249 904360
1390,1082185 981760 995242 1127831 1029743
1391,1082185 981760 6534178 1127831 904360
1393,1082185 981760 1127831 840361 1098066
1394,1082185 981760 1127831 904360 961554
1395,1082185 904360 844179 854852 860776
1397,1082185 981760 1029743 840361 6534178
1398,995242 844179 1136257 986912 896369
1399,1082185 995242 1029743 1127831 840361
1401,1082185 981760 1029743 840361 6534178
1403,1082185 981760 995242 1127831 1098066
1405,1082185 981760 995242 1029743 840361
1406,1082185 995242 1029743 1098066 840361
1409,1082185 981760 995242 840361 1127831
1410,1082185 981760 995242 1029743 6534178
1412,1082185 981760 1029743 904360 995785
1413,1082185 1029743 1043590 1070015 1044895
1414,840361 849843 1058997 1126899 859010
1417,981760 1098066 840361 826249 904360
1418,1082185 981760 995242 1029743 6534178
1419,1082185 981760 1127831 1098066 840361
1421,1082185 981760 995242 1029743 1098066
1425,1082185 981760 995242 1029743 1098066
1426,995242 1029743 1098066 1127831 6534178
1427,1082185 981760 995242 1029743 840361
1428,1082185 981760 995242 1029743 6534178
1429,981760 904360 923746 5978656 994928
1430,1082185 981760 995242 1029743 1127831
1431,1082185 1127831 1029743 6534178 1098066
1434,1082185 981760 995242 1029743 1127831
1437,1082185 981760 995242 1029743 1098066
1440,1082185 981760 995242 1029743 840361
1443,1082185 6534178 883404 5978656 854852
1445,1082185 981760 995242 1029743 1098066
1447,1082185 1029743 1098066 6534178 826249
1450,1082185 981760 995242 1029743 6534178
1451,1082185 981760 995242 1029743 6534178
1453,1082185 981760 1127831 995242 1098066
1454,1082185 981760 995242 1029743 6534178
1457,1082185 981760 1127831 840361 826249
1458,1082185 981760 6534178 840361 995785
1459,1082185 995242 1029743 1098066 840361
1461,1082185 981760 995242 1029743 1098066
1462,1082185 995242 1127831 1029743 6534178
1463,1082185 981760 995242 840361 1098066
1464,1082185 981760 995242 1029743 1098066
1465,1082185 1098066 6534178 904360 916122
1467,1082185 995242 1029743 840361 1098066
1470,1082185 981760 995242 1029743 6534178
1471,1098066 6534178 826249 883404 5978656
1473,1082185 981760 1127831 1098066 840361
1474,1082185 981760 1098066 840361 826249
1475,1082185 981760 1127831 1098066 6534178
1476,1082185 995242 904360 5978656 866211
1479,1082185 981760 995242 6534178 1029743
1481,1082185 981760 995242 1029743 1098066
1483,1082185 981760 995242 1029743 1098066
1484,1082185 1127831 1098066 840361 904360
1485,1082185 1029743 1098066 995785 883404
1487,1082185 995242 1029743 840361 6534178
1488,1082185 981760 995242 1029743 1098066
1489,1082185 981760 995242 6534178 1029743
1490,981760 995242 1127831 1098066 6534178
1491,1082185 981760 1029743 1098066 826249
1492,1082185 981760 995242 1029743 1098066
1494,1082185 981760 995242 1029743 1098066
1495,1082185 981760 995242 840361 1098066
1499,1082185 981760 995242 904360 961554
1500,1082185 981760 1029743 6534178 995785
1501,1082185 981760 1127831 6534178 1029743
1502,1082185 840361 1098066 826249 904360
1506,1082185 981760 1029743 840361 904360
1507,6534178 826249 904360 866211 923746
1508,1082185 981760 6534178 1127831 916122
1509,1082185 981760 1029743 6534178 840361
1510,1082185 981760 995242 6534178 1127831
1511,1082185 981760 995242 1029743 1098066
1512,1082185 981760 995242 1029743 840361
1513,995242 1029743 904360 916122 854852
1514,1082185 981760 1098066 904360 995785
1515,1082185 981760 995242 1029743 1098066
1517,1082185 981760 6534178 840361 1127831
1518,1082185 1029743 6534178 826249 1127831
1519,981760 840361 1127831 995785 1004906
1521,1082185 995242 1029743 840361 904360
1523,1082185 981760 995242 1029743 840361
1524,1082185 840361 6534178 995785 961554
1525,1082185 995242 1029743 840361 1127831
1526,1082185 981760 995242 1127831 904360
1527,1082185 981760 995242 6534178 1029743
1528,1082185 981760 995242 1127831 6534178
1529,1082185 981760 995242 1127831 6534178
1530,1082185 1029743 1127831 961554 866211
1531,1082185 981760 995242 840361 1127831
1532,1082185 995242 6534178 1098066 961554
1533,1082185 904360 1081177 986912 1102959
1534,1082185 981760 6534178 1127831 1098066
1535,1082185 981760 995242 1029743 1098066
1536,1082185 981760 995242 1029743 6534178
1537,1082185 981760 995242 1029743 1098066
1540,981760 1098066 840361 826249 883404
1541,1082185 981760 995242 1029743 6534178
1542,1082185 995242 1029743 1098066 826249
1543,1082185 981760 995242 1029743 840361
1545,1082185 981760 995242 1127831 1098066
1546,1082185 981760 995242 1029743 840361
1547,1082185 981760 995242 840361 6534178
1548,1082185 981760 995242 1029743 840361
1549,1082185 981760 1029743 840361 1127831
1550,1082185 981760 1029743 840361 1098066
1552,1029743 1098066 826249 904360 995785
1553,995785 1033142 849843 899624 1038217
1556,1082185 995242 1098066 840361 1127831
1557,1082185 981760 995242 1127831 6534178
1558,1082185 981760 995242 1029743 1098066
1559,1082185 1127831 1098066 826249 995785
1560,1082185 981760 995242 1029743 840361
1563,1082185 981760 995242 1127831 1029743
1566,1082185 981760 995242 1029743 6534178
1567,1082185 981760 840361 826249 1127831
1568,1082185 981760 1098066 1127831 840361
1569,1082185 995242 1029743 1098066 904360
1571,981760 6534178 995785 860776 844165
1572,1082185 840361 1098066 6534178 826249
1575,1082185 981760 995242 1127831 6534178
1576,1082185 981760 995242 1029743 840361
1577,1082185 981760 995242 1029743 1127831
1578,1082185 981760 995242 1029743 1127831
1579,1082185 981760 995242 1029743 1127831
1580,1082185 995242 1029743 1098066 840361
1581,1082185 981760 1029743 840361 1098066
1584,1082185 981760 1029743 6534178 1098066
1585,1082185 995242 1127831 6534178 1098066
1587,995242 1029743 840361 6534178 5978656
1588,1082185 981760 995242 1127831 6534178
1590,1082185 981760 1029743 1127831 840361
1591,1082185 981760 1029743 6534178 840361
1592,995242 6534178 995785 916122 859075
1593,1082185 995242 1029743 840361 1098066
1594,1082185 981760 995242 6534178 883404
1595,1082185 981760 995242 1098066 6534178
1596,1082185 995242 961554 1004906 1044078
1598,1082185 981760 995242 1098066 1029743
1599,1082185 981760 995242 840361 1098066
1600,995242 6534178 883404 923746 1133018
1602,1082185 981760 1127831 995242 1029743
1604,1082185 904360 883404 1044078 5569230
1607,1082185 1127831 826249 883404 866211
1608,1082185 995242 1029743 1127831 1098066
1609,1082185 981760 995242 6534178 1127831
1611,1082185 1029743 6534178 5568378 844165
1612,1082185 981760 995242 1127831 6534178
1614,1082185 981760 923746 878996 1106523
1618,1082185 981760 995242 1127831 6534178
1619,1082185 981760 6534178 1098066 1127831
1620,1082185 981760 995242 1098066 6534178
1621,1082185 981760 995242 1029743 1098066
1622,1082185 981760 995242 1029743 6534178
1623,1082185 981760 1029743 6534178 840361
1624,1082185 981760 904360 844179 854852
1627,1082185 1029743 1098066 840361 1127831
1628,840361 1106523 986912 1110572 898980
1630,1082185 981760 1029743 1127831 840361
1631,1082185 981760 995242 1029743 1098066
1633,1082185 981760 995242 1029743 6534178
1634,1082185 981760 995242 1029743 1098066
1636,1085604 844441 1030455 890597 1110081
1637,1082185 986912 1080414 1124729 1014948
1638,1082185 981760 1127831 904360 961554
1640,1082185 981760 1127831 1098066 6534178
1641,6534178 995785 5978656 1081177 854852
1642,1082185 981760 995242 1029743 1127831
1643,1029743 1098066 840361 6534178 826249
1645,995242 1127831 866211 878996 5978648
1648,1082185 981760 995242 840361 6534178
1649,1082185 1127831 6534178 904360 995785
1650,1082185 981760 904360 995785 961554
1651,1082185 981760 1127831 840361 904360
1652,1082185 1029743 826249 1081177 844179
1653,1082185 981760 995242 1127831 1098066
1657,1082185 981760 995242 840361 6534178
1658,1082185 981760 995242 1029743 826249
1659,1082185 981760 995242 1029743 1098066
1660,1082185 981760 995242 1029743 1098066
1662,1082185 981760 1127831 1098066 904360
1663,981760 1029743 6534178 1127831 5568378
1664,1082185 981760 840361 1098066 6534178
1665,1082185 995242 1029743 1098066 840361
1668,1082185 6534178 1098066 904360 995785
1669,1082185 857503 1126899 867188 8290421
1673,1082185 981760 995242 1029743 1127831
1676,1082185 1127831 6534178 1029743 995785
1677,1082185 981760 995242 1029743 1098066
1680,1082185 981760 840361 826249 995785
1683,1082185 981760 6534178 840361 826249
1684,1082185 981760 1098066 6534178 826249
1685,1082185 981760 995242 1029743 840361
1686,995242 1029743 6534178 1098066 826249
1687,1082185 981760 1127831 1098066 840361
1692,1082185 981760 995242 1029743 6534178
1693,1082185 6534178 1127831 995785 883404
1694,1082185 981760 1098066 840361 6534178
1696,1082185 995242 1127831 1029743 840361
1697,995242 1029743 6534178 826249 904360
1698,1082185 981760 995242 1029743 1098066
1699,1082185 981760 1098066 826249 1081177
1700,1082185 995242 916122 844179 1044078
1701,981760 995242 1029743 840361 6534178
1703,981760 1098066 826249 883404 961554
1704,981760 923746 1005186 1065593 866227
1705,1082185 981760 995242 1098066 840361
1706,1082185 1098066 995785 883404 961554
1707,1082185 981760 995242 1098066 1029743
1708,1082185 981760 995242 1029743 1127831
1709,1082185 981760 995242 1029743 6534178
1710,1082185 981760 995242 1127831 6534178
1712,1082185 1029743 840361 904360 961554
1716,1082185 981760 995242 1029743 6534178
1717,1082185 995242 1029743 6534178 904360
1718,1082185 995242 1029743 840361 995785
1719,1082185 981760 1029743 1127831 840361
1720,981760 995242 1029743 840361 1127831
1722,1082185 981760 1127831 1098066 6534178
1723,1082185 981760 6534178 840361 883404
1724,1082185 6534178 1127831 840361 961554
1726,1082185 995242 1029743 1127831 6534178
1729,1082185 981760 995242 1029743 1127831
1731,1082185 1029743 1098066 6534178 840361
1732,1082185 995242 1127831 1029743 840361
1733,1082185 995785 961554 1004906 923746
1735,1082185 981760 995242 840361 6534178
1737,1082185 840361 961554 916122 923746
1738,981760 1098066 826249 883404 961554
1739,1082185 840361 1098066 826249 883404
1740,1082185 995242 1127831 6534178 1098066
1742,6534178 1098066 826249 844179 1044078
1743,995242 1029743 840361 6534178 995785
1745,1082185 981760 1098066 826249 995785
1747,1082185 981760 1098066 840361 6534178
1748,1082185 981760 1127831 1098066 6534178
1749,1082185 981760 995242 1029743 6534178
1750,1082185 981760 995242 1029743 6534178
1751,1082185 981760 995242 1029743 1098066
1752,1082185 981760 995242 840361 1098066
1753,1082185 981760 6534178 826249 883404
1754,1082185 981760 995242 1029743 1098066
1755,1082185 1029743 840361 1127831 961554
1756,1082185 981760 995242 1029743 1127831
1758,1082185 1029743 1098066 826249 1127831
1759,1082185 1029743 6534178 1098066 1127831
1761,1082185 981760 840361 826249 995785
1762,1082185 981760 995242 6534178 1029743
1763,1082185 981760 1127831 840361 1098066
1764,1082185 981760 1127831 6534178 840361
1765,1082185 981760 995242 1029743 6534178
1766,826249 995785 883404 961554 1081177
1767,1082185 981760 995242 1029743 1098066
1768,1082185 981760 840361 6534178 904360
1769,1082185 981760 995242 1029743 6534178
1770,1082185 981760 995242 6534178 1029743
1773,981760 995242 840361 6534178 904360
1774,1082185 995242 1029743 1098066 826249
1775,1082185 981760 995242 6534178 840361
1776,1082185 981760 995242 1029743 1127831
1779,1082185 981760 1127831 1098066 840361
1780,1082185 981760 1098066 904360 961554
1781,1082185 995242 1127831 1029743 6534178
1783,1082185 981760 995242 1029743 1127831
1784,1082185 981760 1127831 1098066 826249
1785,1082185 1029743 840361 1127831 961554
1787,981760 995242 1029743 840361 916122
1788,1082185 1127831 995242 6534178 1029743
1790,1082185 981760 1029743 1127831 826249
1791,1082185 981760 995242 1029743 840361
1792,1082185 981760 1098066 6534178 961554
1793,1082185 981760 995242 1029743 1127831
1794,1082185 995242 1029743 1127831 1098066
1795,1082185 981760 995242 1098066 6534178
1796,1082185 995242 1029743 840361 1098066
1797,1082185 981760 995242 1127831 1098066
1798,1082185 981760 995242 1127831 1029743
1800,1082185 981760 6534178 840361 826249
1801,995242 6534178 826249 5569230 1038217
1802,1082185 981760 1127831 6534178 916122
1803,1082185 981760 995242 1127831 1098066
1804,1082185 981760 995242 1029743 1098066
1806,1082185 981760 1127831 1029743 840361
1807,1082185 981760 995242 1127831 6534178
1808,1082185 995242 1029743 1098066 840361
1809,1082185 981760 995242 1029743 840361
1810,995242 1029743 840361 1098066 6534178
1811,981760 840361 6534178 1004906 866211
1812,1082185 981760 1127831 1098066 840361
1814,1082185 1029743 6534178 840361 1127831
1815,1082185 995242 1029743 6534178 1127831
1816,1082185 981760 995242 1029743 6534178
1817,1082185 981760 995242 840361 916122
1818,1082185 1029743 1098066 1127831 826249
1821,1082185 995242 6534178 840361 1098066
1822,1082185 981760 995242 1029743 6534178
1823,1082185 981760 995242 1127831 6534178
1824,1082185 981760 995242 1098066 826249
1826,1082185 981760 995242 1029743 1098066
1829,1082185 995242 1029743 6534178 1127831
1831,1082185 6534178 840361 1098066 1127831
1832,1082185 981760 1098066 826249 961554
1833,1082185 981760 1029743 1098066 840361
1835,1082185 981760 995242 1127831 1029743
1836,1082185 981760 995242 1127831 6534178
1837,1082185 981760 995242 6534178 1029743
1838,1082185 995242 826249 1127831 883404
1839,995242 1029743 840361 904360 883404
1841,1082185 981760 995242 1029743 840361
1843,1082185 1029743 1098066 904360 1081177
1844,1082185 995242 840361 995785 916122
1845,1082185 1127831 6534178 1098066 826249
1847,1082185 981760 1029743 6534178 840361
1848,1082185 981760 995242 1098066 6534178
1849,1082185 981760 995242 1029743 1098066
1850,1082185 981760 1127831 995242 6534178
1853,981760 1029743 1024306 1043590 1085604
1854,1082185 995242 1127831 6534178 1098066
1856,1082185 981760 995242 1029743 1098066
1858,1082185 904360 995785 883404 961554
1861,1082185 981760 995242 1029743 1098066
1862,1082185 995242 6534178 1127831 1098066
1864,1082185 981760 1127831 995242 6534178
1865,1082185 1127831 1029743 904360 995785
1868,1082185 981760 995242 840361 1098066
1869,1082185 981760 840361 6534178 1127831
1871,1082185 995785 961554 1081177 854852
1872,1082185 981760 6534178 840361 1098066
1873,1082185 981760 1029743 1098066 6534178
1876,856772 981521 1035136 861345 973016
1879,1082185 981760 1029743 1127831 904360
1880,1082185 981760 840361 883404 1081177
1881,1082185 981760 995242 840361 6534178
1882,1029743 883404 994928 849843 866227
1883,981760 995242 1029743 1127831 1098066
1887,1082185 981760 883404 1004906 866211
1889,1082185 995242 1029743 6534178 840361
1890,1082185 995242 1127831 840361 995785
1891,1082185 995242 1133018 1106523 908531
1892,1082185 981760 995242 1127831 6534178
1895,1082185 981760 840361 1098066 826249
1896,1082185 995242 1127831 1029743 6534178
1898,1082185 981760 995242 962568 5978648
1899,1082185 981760 995242 6534178 1029743
1900,1082185 981760 1127831 840361 1098066
1901,1082185 981760 1127831 995242 1029743
1903,1082185 981760 840361 6534178 1098066
1906,1082185 981760 995242 1029743 6534178
1907,1082185 981760 995242 1127831 1029743
1909,1082185 883404 916122 1068719 1044078
1911,981760 995242 1098066 6534178 826249
1912,1082185 981760 995242 1029743 883404
1914,1082185 995242 1029743 961554 5978648
1916,1082185 981760 995242 6534178 840361
1917,1082185 981760 995242 1029743 1098066
1919,1082185 981760 995242 6534178 1098066
1920,1082185 1127831 1029743 840361 995785
1922,1082185 981760 1127831 6534178 1098066
1923,1082185 995242 1127831 6534178 904360
1924,1082185 981760 995242 1029743 1098066
1926,981760 840361 995785 961554 916122
1927,1082185 981760 1029743 1098066 840361
1928,1082185 840361 1098066 6534178 1127831
1929,1082185 981760 1127831 826249 904360
1930,1082185 981760 995242 1029743 1098066
1931,1082185 981760 840361 1127831 904360
1935,1082185 981760 1127831 6534178 840361
1936,1082185 981760 995242 1029743 1127831
1937,1082185 995242 1098066 1127831 6534178
1939,1082185 981760 995242 1029743 6534178
1940,1082185 995785 961554 1004906 923746
1941,6534178 826249 883404 844179 1044078
1942,1082185 981760 995242 6534178 840361
1943,1082185 981760 995242 1029743 1098066
1944,1082185 1127831 1029743 1098066 6534178
1946,1082185 981760 1029743 1127831 6534178
1947,1082185 981760 995242 840361 6534178
1948,1082185 981760 840361 995785 923746
1949,1082185 981760 995242 1098066 1127831
1950,995242 1029743 1098066 883404 5978656
1952,995242 1029743 1098066 6534178 826249
1953,981760 995242 840361 1098066 904360
1954,1082185 1029743 6534178 840361 995785
1955,1082185 981760 1029743 1098066 6534178
1956,1082185 840361 883404 961554 844179
1957,1082185 995242 1029743 826249 1127831
1959,1082185 995242 1029743 6534178 1127831
1960,1082185 1098066 6534178 1127831 826249
1961,1082185 981760 995242 1098066 826249
1962,1082185 995242 1098066 6534178 826249
1963,1082185 6534178 1098066 826249 904360
1964,1082185 981760 995242 1127831 1098066
1965,1082185 1029743 1098066 840361 1127831
1966,1082185 981760 6534178 1127831 995242
1967,1082185 981760 995242 1029743 1127831
1968,1082185 981760 995242 1029743 6534178
1969,1082185 981760 995242 1029743 1098066
1971,1082185 981760 995242 1127831 1029743
1975,1082185 981760 995242 1127831 1029743
1976,1082185 981760 840361 1098066 1127831
1978,1082185 1029743 840361 6534178 826249
1981,1082185 981760 1098066 826249 904360
1983,981760 995242 1029743 840361 1098066
1985,1082185 1098066 840361 1127831 826249
1987,16736139 10286069 9490551 1405491 1313189
1988,1082185 1127831 6534178 840361 1098066
1989,1082185 995242 6534178 995785 961554
1990,1082185 981760 995242 1127831 1029743
1993,1082185 840361 6534178 883404 961554
1994,981760 1029743 1098066 883404 1004906
1995,1082185 6534178 1127831 995242 1029743
1996,981760 995242 1029743 1127831 840361
1997,1082185 981760 1127831 6534178 826249
1998,981760 840361 1098066 826249 904360
1999,1082185 995242 1029743 840361 1127831
2001,1082185 981760 1029743 1127831 826249
2003,1082185 995242 840361 1127831 1098066
2004,1082185 981760 995242 1127831 1029743
2005,1082185 981760 995242 1029743 1098066
2006,1082185 981760 995242 1029743 840361
2007,1082185 981760 1029743 6534178 1127831
2008,1082185 981760 995242 1098066 826249
2010,1082185 1098066 826249 1127831 995785
2011,904360 961554 5978656 5978648 847982
2012,1082185 981760 995242 1029743 1098066
2014,1082185 981760 1029743 1127831 995785
2015,1082185 981760 1029743 1127831 1098066
2016,1082185 981760 995242 1098066 840361
2017,1082185 981760 6534178 1029743 1127831
2018,1082185 981760 1029743 1127831 840361
2019,1082185 981760 995242 1098066 1029743
2020,1082185 981760 995242 1029743 1098066
2021,981760 1098066 840361 826249 995785
2022,1082185 995242 1127831 6534178 1029743
2023,6534178 826249 5978656 860776 994928
2025,1029743 6534178 1106523 833025 9526410
2026,1082185 981760 1098066 826249 1127831
2027,1082185 981760 995242 1029743 1098066
2028,995242 1029743 1098066 6534178 826249
2029,1082185 981760 1029743 1098066 840361
2030,1082185 995242 1029743 840361 6534178
2031,981760 904360 995785 883404 1068719
2032,1082185 995242 6534178 1127831 883404
2033,1082185 981760 995242 1029743 6534178
2034,1082185 981760 840361 6534178 1127831
2036,1082185 981760 995242 1029743 1127831
2037,1082185 981760 1029743 840361 1098066
2038,1082185 981760 1029743 840361 1098066
2039,1082185 981760 995242 1029743 840361
2041,1082185 840361 6534178 1127831 826249
2042,1082185 981760 1029743 1127831 904360
2043,981760 840361 6534178 904360 995785
2047,1082185 981760 995242 1029743 1127831
2048,981760 6534178 1127831 961554 916122
2049,1082185 981760 995242 1029743 1098066
2050,1082185 981760 995242 1029743 6534178
2055,981760 1127831 6534178 995785 1004906
2056,1082185 995242 1029743 840361 1127831
2057,1082185 981760 6534178 840361 961554
2058,1082185 1127831 6534178 1098066 826249
2059,1082185 981760 840361 1127831 995785
2060,1029743 840361 6534178 826249 995785
2062,1082185 981760 995242 1029743 6534178
2063,1082185 981760 995242 1127831 904360
2064,1082185 981760 995242 1127831 1029743
2065,995242 1029743 1098066 840361 826249
2068,1082185 981760 1127831 6534178 840361
2070,1082185 981760 995242 6534178 1029743
2071,1082185 981760 1029743 1098066 840361
2072,1082185 981760 1098066 826249 904360
2075,1082185 995242 1029743 1098066 1127831
2076,1082185 981760 995242 1029743 1127831
2077,1082185 6534178 840361 995785 1004906
2079,1082185 995242 1029743 6534178 1098066
2080,1082185 981760 995242 1029743 1098066
2081,1082185 981760 826249 883404 844179
2082,1082185 981760 995242 1029743 6534178
2083,1082185 981760 1127831 6534178 1098066
2084,1082185 981760 995242 840361 1098066
2085,1082185 981760 995242 1127831 1098066
2086,1082185 981760 995242 1029743 6534178
2087,1082185 981760 995242 6534178 1029743
2088,1082185 981760 995242 1029743 1098066
2090,981760 995242 840361 1098066 6534178
2091,1082185 981760 995242 840361 1127831
2094,1082185 981760 995242 1098066 826249
2095,1082185 981760 995242 1098066 840361
2099,1082185 995242 1029743 1098066 6534178
2100,1082185 981760 995242 1127831 1098066
2101,981760 995242 1029743 1098066 1127831
2102,1082185 981760 995242 840361 1098066
2105,1082185 981760 1029743 6534178 1127831
2108,1082185 981760 995242 1029743 1098066
2109,1082185 981760 995242 840361 883404
2110,1082185 981760 1127831 6534178 995242
2112,1082185 981760 995242 1029743 6534178
2114,1082185 1127831 6534178 995785 961554
2115,1082185 981760 995242 1029743 6534178
2116,1082185 981760 995242 1127831 6534178
2119,1082185 981760 995242 1029743 840361
2120,16769021 714433 480014 525168 799156
2121,1082185 981760 995242 1127831 6534178
2122,1082185 6534178 1044078 1133018 1106523
2123,1082185 981760 995242 1029743 1098066
2124,1082185 981760 995242 1029743 6534178
2125,1082185 995242 1029743 840361 1098066
2126,1082185 1127831 6534178 904360 961554
2129,1082185 981760 995242 1029743 1127831
2130,1082185 981760 1127831 1098066 6534178
2131,1082185 981760 995242 1029743 840361
2132,1082185 995242 1127831 995785 883404
2133,1082185 995242 1029743 1098066 1127831
2134,1082185 981760 1127831 826249 904360
2135,1082185 995242 6534178 1127831 883404
2136,1082185 981760 1098066 1127831 995785
2137,1082185 981760 995242 1029743 1098066
2138,1082185 981760 995242 1029743 840361
2139,1082185 981760 995242 1029743 1127831
2141,1082185 981760 1098066 826249 904360
2142,1082185 981760 995242 1029743 1127831
2146,995242 1029743 1098066 826249 5978656
2147,1082185 981760 1127831 6534178 840361
2148,1082185 981760 1127831 840361 1098066
2149,1082185 981760 6534178 904360 883404
2151,1082185 981760 995242 1029743 1004906
2153,1082185 981760 995242 1029743 840361
2154,1082185 981760 995242 840361 1098066
2155,981760 995242 1098066 961554 923746
2156,1082185 995242 1029743 1127831 1098066
2158,1082185 981760 1127831 1098066 6534178
2159,1082185 981760 1029743 6534178 1004906
2161,1082185 6534178 826249 904360 961554
2162,1082185 981760 995242 6534178 1127831
2167,1082185 981760 1098066 840361 826249
2168,1082185 981760 995242 1029743 1127831
2169,1082185 1098066 826249 904360 1044078
2170,1082185 981760 995242 1029743 1098066
2171,1082185 981760 995242 6534178 1098066
2172,1082185 995242 1029743 1127831 826249
2173,1082185 981760 1029743 1098066 6534178
2174,1082185 904360 961554 866211 1081177
2175,1082185 840361 995785 916122 1133018
2176,1098066 840361 6534178 826249 904360
2179,1082185 981760 995242 840361 6534178
2181,1082185 981760 995242 1029743 1098066
2182,1082185 1029743 1004906 1106523 5569230
2183,1082185 981760 995242 1029743 840361
2184,1082185 981760 1029743 1098066 6534178
2185,1082185 981760 995242 1127831 840361
2186,1082185 981760 995242 1127831 1098066
2188,1082185 981760 6534178 883404 961554
2189,1082185 1029743 6534178 5978656 1106523
2190,1082185 981760 995242 6534178 1098066
2193,1082185 981760 995242 1127831 6534178
2194,1082185 981760 995242 840361 1127831
2196,1082185 981760 995242 1029743 840361
2197,1082185 981760 904360 961554 916122
2198,1082185 981760 995242 840361 6534178
2199,1082185 981760 995242 1029743 840361
2200,1082185 981760 995242 1029743 1098066
2202,916122 1081177 859075 834484 1077555
2203,1082185 981760 995242 6534178 1029743
2204,1082185 981760 1029743 1098066 1127831
2205,1082185 981760 995242 1029743 1127831
2206,981760 995242 1029743 840361 1098066
2207,1082185 981760 995242 1029743 1098066
2208,1082185 981760 6534178 1127831 1098066
2209,1082185 981760 995242 1127831 6534178
2211,1082185 981760 1127831 6534178 961554
2212,1055863 9527494 1118393 882441 937791
2213,1082185 981760 1127831 1029743 840361
2214,1082185 1029743 840361 844165 910032
2215,1082185 981760 1127831 995785 1004906
2217,1082185 995242 6534178 1127831 1029743
2221,1082185 981760 1127831 840361 1098066
2222,1082185 981760 995242 1029743 1098066
2224,1082185 981760 995242 1029743 1127831
2225,1082185 1127831 6534178 1098066 840361
2228,1082185 981760 995242 1098066 1029743
2229,1082185 981760 1127831 840361 826249
2231,1082185 981760 1127831 6534178 1098066
2233,1082185 981760 1127831 995242 6534178
2234,1082185 981760 1127831 6534178 995785
2235,1082185 981760 1127831 840361 1004906
2237,1082185 981760 1127831 840361 1098066
2238,1082185 981760 995242 1029743 1098066
2239,1082185 995242 1029743 840361 6534178
2241,1082185 981760 995242 1029743 840361
2243,981760 995242 1029743 840361 995785
2244,1082185 981760 995242 1029743 1098066
2245,1082185 981760 995242 1098066 1127831
2247,1082185 981760 1127831 1098066 826249
2248,981760 1098066 826249 1127831 995785
2250,1082185 981760 995242 1029743 840361
2252,1082185 981760 995242 1029743 6534178
2253,995242 1029743 1098066 6534178 826249
2256,1082185 840361 6534178 5978656 860776
2257,1082185 995242 1029743 1068719 1133018
2259,929433 1033615 7441391 957741 845053
2260,1082185 981760 995242 6534178 1127831
2261,1082185 981760 6534178 1098066 840361
2262,1082185 981760 6534178 1098066 1127831
2263,1082185 981760 995242 1098066 1127831
2264,1082185 981760 1127831 6534178 1098066
2266,1082185 981760 1127831 6534178 995242
2267,1098066 840361 6534178 826249 995785
2269,1082185 981760 1029743 840361 1098066
2270,1082185 981760 995242 6534178 840361
2271,1082185 981760 995242 883404 1133018
2272,1082185 1029743 840361 1098066 826249
2273,1082185 981760 995242 1029743 840361
2274,1082185 981760 1029743 1127831 1098066
2275,1082185 981760 995242 1029743 840361
2276,1082185 981760 995242 1029743 840361
2277,1082185 981760 995242 1029743 1098066
2278,1082185 840361 904360 995785 961554
2280,1082185 981760 1127831 6534178 1098066
2281,1082185 995242 916122 866211 5978656
2282,1082185 1127831 995785 5978656 854852
2283,1082185 981760 1029743 6534178 826249
2284,1082185 1127831 981760 995242 1029743
2285,1082185 1127831 6534178 995785 961554
2289,1082185 995242 1029743 1098066 1127831
2292,1082185 995242 1029743 840361 1098066
2293,1082185 1127831 6534178 840361 995785
2295,1082185 981760 6534178 1127831 840361
2296,1082185 981760 995242 1127831 6534178
2297,1082185 961554 1081177 854852 878996
2298,1082185 981760 995242 1029743 840361
2299,1082185 981760 995242 1127831 904360
2300,1082185 981760 995242 1029743 6534178
2301,1082185 995242 1029743 1098066 6534178
2302,1082185 981760 995242 1029743 6534178
2303,1082185 981760 995242 1029743 6534178
2305,1082185 981760 995242 1029743 6534178
2307,1082185 981760 995242 1029743 840361
2308,1082185 995242 1029743 916122 923746
2312,1082185 981760 1127831 1098066 840361
2314,1082185 1127831 840361 904360 995785
2315,981760 916122 988693 830887 1055412
2317,1082185 981760 1127831 995242 6534178
2322,1082185 981760 1127831 6534178 840361
2323,1082185 995242 6534178 1053690 1005186
2324,1082185 995242 1029743 6534178 840361
2325,840361 1029743 995242 981760 1082185
2328,1082185 981760 1127831 6534178 1029743
2330,1082185 995242 1029743 1098066 6534178
2331,1082185 981760 995242 1029743 840361
2333,1029743 923746 5978656 1068719 908531
2334,1082185 981760 995242 1098066 1029743
2335,1082185 981760 995242 1029743 840361
2336,1082185 981760 995242 1029743 1127831
2337,1082185 981760 995242 1029743 1098066
2338,1082185 981760 6534178 1098066 1127831
2339,1082185 1098066 826249 904360 883404
2340,1082185 1127831 840361 6534178 1098066
2341,1082185 981760 995242 1029743 1098066
2342,1082185 981760 995242 1029743 1098066
2343,1082185 981760 995242 1029743 6534178
2344,1082185 981760 6534178 904360 995785
2345,1082185 981760 995242 1029743 1098066
2347,1082185 981760 995242 1029743 840361
2349,1082185 981760 1029743 840361 1098066
2350,1082185 995242 1029743 840361 1098066
2351,1082185 981760 995242 1127831 6534178
2352,1082185 981760 995242 1098066 826249
2354,1082185 981760 1127831 6534178 995785
2359,1082185 981760 840361 1098066 6534178
2360,1082185 995242 1029743 1098066 6534178
2361,1082185 981760 840361 1004906 916122
2363,1082185 995242 1029743 904360 995785
2364,16811684 9680965 1870702 10287134 12577266
2366,1082185 981760 995242 1127831 6534178
2368,981760 995242 1029743 840361 826249
2369,1082185 995242 1029743 840361 6534178
2370,1082185 981760 6534178 840361 1098066
2372,1082185 981760 995242 1029743 1098066
2374,1082185 981760 1127831 904360 995785
2375,1082185 981760 1098066 840361 1127831
2376,1082185 995242 1029743 1127831 6534178
2377,1082185 995242 1098066 6534178 826249
2378,1082185 981760 995242 6534178 1029743
2379,1082185 981760 1127831 6534178 995785
2380,1082185 995242 1029743 1098066 840361
2381,981760 6534178 826249 916122 866211
2385,1082185 981760 995242 1127831 1029743
2386,1082185 981760 1029743 1098066 6534178
2388,981760 995242 1029743 840361 995785
2389,1082185 981760 995242 1029743 1127831
2393,1082185 981760 995242 1127831 1098066
2394,1082185 840361 6534178 826249 904360
2395,1082185 981760 995242 1127831 1029743
2397,1082185 981760 904360 961554 866211
2400,1082185 981760 995242 1029743 6534178
2401,1082185 981760 1127831 904360 883404
2404,5978585 9671691 1609854 6765147 1559515
2405,1082185 981760 995242 1029743 1127831
2406,1082185 981760 840361 1127831 6534178
2407,1082185 981760 995242 1029743 1098066
2408,1082185 1029743 826249 923746 844179
2410,1082185 981760 995242 1029743 840361
2412,1082185 981760 1127831 1098066 840361
2416,1082185 981760 995242 1029743 840361
2418,1082185 981760 995242 1029743 1127831
2420,1082185 981760 1029743 1098066 840361
2421,1082185 981760 995242 1029743 1098066
2424,1082185 981760 995242 1029743 1127831
2425,1082185 981760 995242 1029743 1127831
2426,1082185 981760 995242 1029743 840361
2427,1082185 981760 995242 6534178 1029743
2429,1082185 995242 1029743 840361 1127831
2431,1082185 981760 995242 840361 995785
2435,1082185 995242 1029743 6534178 1098066
2437,1082185 995242 1127831 1029743 840361
2438,995242 995785 916122 866211 1081177
2440,1082185 981760 995242 1098066 6534178
2441,1082185 981760 995242 1029743 840361
2445,1082185 981760 995242 6534178 1098066
2446,1082185 840361 1098066 1127831 826249
2447,1082185 981760 1127831 840361 995785
2448,1082185 981760 6534178 1127831 840361
2449,1082185 981760 995242 1127831 6534178
2450,1082185 1029743 1127831 1098066 840361
2451,1082185 981760 995242 1127831 1029743
2452,1082185 981760 1098066 6534178 826249
2453,1082185 1127831 904360 5978656 961554
2455,1082185 981760 1029743 1098066 6534178
2456,995242 1098066 995785 961554 916122
2457,1082185 981760 995242 1127831 1098066
2458,1082185 1127831 994928 859075 913785
2459,1082185 981760 1127831 995242 6534178
2460,904360 995785 916122 1133018 5569230
2461,1082185 1127831 1098066 961554 866211
2462,1082185 981760 995242 6534178 1127831
2464,1082185 840361 1127831 5978656 1068719
2465,1082185 981760 6534178 840361 904360
2466,981760 1029743 995785 916122 923746
2467,1082185 981760 995242 6534178 1127831
2470,981760 995242 6534178 995785 866211
2471,981760 995242 1029743 6534178 995785
2472,1082185 981760 995242 1029743 904360
2475,1082185 981760 1029743 1127831 840361
2477,1082185 995242 840361 1127831 1098066
2478,1082185 981760 1127831 840361 826249
2479,1082185 981760 995242 1127831 1098066
2481,1082185 981760 995242 1029743 1098066
2482,1082185 995242 1029743 840361 1127831
2483,1082185 995242 1029743 840361 961554
2484,1082185 981760 995242 1029743 1098066
2485,1082185 995242 6534178 840361 1127831
2486,1082185 981760 995242 1029743 6534178
2488,1082185 981760 1127831 6534178 840361
2489,1082185 995242 1127831 6534178 1029743
2492,1082185 981760 995242 1098066 840361
2494,1082185 981760 1029743 840361 6534178
2496,1082185 981760 1098066 6534178 840361
2498,1082185 1029743 840361 826249 961554
2499,1082185 981760 6534178 1098066 826249
2500,1082185 981760 995242 1029743 6534178
